영화관명,브랜드명,영업상태명,영화관지역명,광역단체,기초단체,번지명,도로명,좌표정보x(epsg5174),y(epsg5174)
강남,CGV,영업,서울시,서울시,강남,서울특별시 강남구 논현동 4-15,서울특별시 강남구 도산대로 128 (논현동),201924.4852,446086.6929
강변,CGV,영업,서울시,서울시,광진구,서울특별시 광진구 구의동 546-4 테크노마트10층,"서울특별시 광진구 광나루로56길 85, 10층 (구의동, 테크노마트)",208394.4164,448165.28
건대입구,CGV,영업,서울시,서울시,광진구,서울특별시 광진구 자양동 9-4 몰오브케이,"서울특별시 광진구 아차산로30길 26, 몰오브케이 4층 (자양동)",205845.9467,448616.8477
고덕강일,CGV,영업,서울시,서울시,강동구,서울특별시 강동구 고덕동 353-23,"서울특별시 강동구 고덕비즈밸리로 51, 3,4층 (고덕동)",213847.9237,451564.47
구로,CGV,영업,서울시,서울시,구로구,서울특별시 구로구 구로동 573 애경백화점 6층,"서울특별시 구로구 구로중앙로 152 (구로동, 애경백화점 6층)",189570.3609,444336.0513
대학로,CGV,영업,서울시,서울시,종로구,서울특별시 종로구 명륜2가 41-9 3층,"서울특별시 종로구 대명길 28 (명륜2가,3층)",199916.8335,453462.4209
동대문,CGV,영업,서울시,서울시,중구,서울특별시 중구 을지로6가 17-2 현대시티타워,"서울특별시 중구 장충단로13길 20, 현대시티타워 10층 (을지로6가)",200613.5103,451817.5154
등촌,CGV,영업,서울시,서울시,강서구,서울특별시 강서구 등촌동 639-23 3~9층,"서울특별시 강서구 공항대로45길 63, 3~9층 (등촌동)",187210.9178,450631.4355
명동,CGV,영업,서울시,서울시,중구,서울특별시 중구 명동2가 83-5 Noon Square,"서울특별시 중구 명동길 14, Noon Square 8층 (명동2가)",198418.7417,451237.1686
명동역 씨네라이브러리,CGV,영업,서울시,서울시,중구,서울특별시 중구 충무로2가 65-9,서울특별시 중구 퇴계로 123 (충무로2가),198636.2504,451005.7216
미아,CGV,영업,서울시,서울시,강북구,서울특별시 강북구 미아동 35-4 트레지오 쇼핑몰 10층,"서울특별시 강북구 도봉로 34, 10층 (미아동, 트레지오빌딩)",202642.446,456636.3082
방학,CGV,영업,서울시,서울시,도봉구,서울특별시 도봉구 방학동 707-6,"서울특별시 도봉구 도봉로 684, 6~7층 (방학동)",203783.2123,462550.4573
불광,CGV,영업,서울시,서울시,은평구,서울특별시 은평구 대조동 240 팜스퀘어,"서울특별시 은평구 불광로 20, 13층 (대조동, 팜스퀘어)",193661.7324,456379.1939
상봉,CGV,영업,서울시,서울시,중랑구,서울특별시 중랑구 상봉동 501,"서울특별시 중랑구 상봉로 131, 지하1,2층 (상봉동, 상봉듀오트리스주상복합)",208076.3867,455017.5286
성신여대입구,CGV,영업,서울시,서울시,성북구,서울특별시 성북구 동선동1가 1-2 유타,"서울특별시 성북구 동소문로 106, 유타 10층 (동선동1가)",201447.4187,454477.1033
수유,CGV,영업,서울시,서울시,강북구,서울특별시 강북구 수유동 168-12,"서울특별시 강북구 도봉로 399, 8층 (수유동)",202565.2368,460003.1177
신촌아트레온,CGV,영업,서울시,서울시,서대문구,서울특별시 서대문구 창천동 20-25,"""서울특별시 서대문구 신촌로 129, 3층 (창천동, 아트레온)""",194649.344,450478.3522
씨네프쉐프 압구정,CGV,영업,서울시,서울시,강남구,서울특별시 강남구 신사동 602,서울특별시 강남구 압구정로30길 45 (신사동),202530.1848,446900.9612
씨네프쉐프 용산,CGV,영업,서울시,서울시,용산구,서울특별시 용산구 한강로3가 40-961,"서울특별시 용산구 한강대로23길 55, 6층 (한강로3가, 현대아이파크몰)",196864.3606,447707.4033
여의도,CGV,영업,서울시,서울시,영등포구,서울특별시 영등포구 여의도동 23,"서울특별시 영등포구 국제금융로 10, B3층 (여의도동, IFC)",193326.931,446973.9146
연남,CGV,영업,서울시,서울시,마포구,서울특별시 마포구 동교동 167-2 LC TOWER,"서울특별시 마포구 양화로 186, LC TOWER 7~10층 (동교동)",193383.4159,450602.3823
영등포,CGV,영업,서울시,서울시,영등포구,서울특별시 영등포구 영등포동4가 442,"서울특별시 영등포구 영중로 15, 6층 (영등포동4가, 타임스퀘어)",191385.0574,446098.5559
왕십리,CGV,영업,서울시,서울시,성동구,서울특별시 성동구 행당동 168-151 왕십리민자역사,"서울특별시 성동구 왕십리광장로 17, 왕십리민자역사 5층 (행당동)",203321.5623,451001.8687
용산아이파크몰,CGV,영업,서울시,서울시,용산구,서울특별시 용산구 한강로3가 40-961,"서울특별시 용산구 한강대로23길 55, 6층 (한강로3가, 현대아이파크몰)",196864.3606,447707.4033
중계,CGV,영업,서울시,서울시,노원구,서울특별시 노원구 중계동 509-2 홈플러스,"서울특별시 노원구 동일로204가길 12 (중계동, 홈플러스)",205985.9533,459730.4378
천호,CGV,영업,서울시,서울시,강동구,서울특별시 강동구 천호동 42,"서울특별시 강동구 양재대로 1571, 4층 (천호동)",212501.3691,449282.3104
청담씨네시티,CGV,영업,서울시,서울시,강남구,서울특별시 강남구 신사동 651-21,서울특별시 강남구 도산대로 323 (신사동),203205.417,446740.5529
피카디리1958,CGV,영업,서울시,서울시,종로구,서울특별시 종로구 돈의동 137,"""서울특별시 종로구 돈화문로5가길 1 (돈의동,지하4층)""",199155.5449,452083.1255
홍대,CGV,영업,서울시,서울시,마포구,서울특별시 마포구 동교동 159-8,서울특별시 마포구 양화로 153 (동교동),193105.3351,450464.4442
경기광주,CGV,영업,경기도,경기도,광주시,경기도 광주시 역동 16-1,경기도 광주시 중앙로 89 (역동),222812.8759,433972.2643
고양백석,CGV,영업,경기도,경기도,고양시,경기도 고양시 일산동구 백석동 1242 고양종합터미날  5층,경기도 고양시 일산동구 중앙로 1036 (백석동),181369.9672,460117.3546
고양행신,CGV,영업,경기도,경기도,고양시,"경기도 고양시 덕양구 행신동 762-2 로터스플레이스 5,6층","경기도 고양시 덕양구 충장로 8, 로터스플레이스 5,6층 (행신동)",185318.5575,456821.6695
광교,CGV,영업,경기도,경기도,수원시,경기도 수원시 영통구 하동 1017-2 갤러리아 광교,"경기도 수원시 영통구 광교중앙로 124, 갤러리아 광교 10층 (하동)",205023.5829,420361.2482
광교상현,CGV,영업,경기도,경기도,용인시,경기도 용인시 수지구 상현동 1116-4번지,"경기도 용인시 수지구 광교중앙로295번길 9, 3층 (상현동)",205967.9253,421662.9071
광명역,CGV,영업,경기도,경기도,광명시,경기도 광명시 일직동 514,"경기도 광명시 일직로 43, GIDC B동 B2층 G262호, G301호 (일직동)",189919.3109,435641.2772
구리,CGV,영업,경기도,경기도,구리시,경기도 구리시 갈매동 552-4,"경기도 구리시 갈매순환로 180, 힐스테이트 갈매역 스칸센알토(B그룹) 문화 및 집회시설동 B1,B2층 (갈매동)",210762.2399,459251.6129
구리갈매,CGV,영업,경기도,경기도,구리시,경기도 구리시 갈매동 552-4,"경기도 구리시 갈매순환로 180, 힐스테이트 갈매역 스칸센알토(B그룹) 문화 및 집회시설동 B1,B2층 (갈매동)",210762.2399,459251.6129
기흥,CGV,영업,경기도,경기도,용인시,경기도 용인시 기흥구 구갈동 679,"경기도 용인시 기흥구 기흥로 58-1, 기흥ICT밸리 B동 지하2층 (구갈동)",210517.5679,419792.271
김포,CGV,영업,경기도,경기도,김포시,경기도 김포시 걸포동 1574-3번지,"경기도 김포시 걸포로 6, 7층 (걸포동)",174092.8329,458913.3134
김포운양,CGV,영업,경기도,경기도,김포시,경기도 김포시 운양동 1296-9 8층~9층,"경기도 김포시 김포한강11로 288-31, 8층~9층 (운양동)",172052.9683,461430.9601
김포한강,CGV,영업,경기도,경기도,김포시,경기도 김포시 걸포동 1574-3번지,"경기도 김포시 걸포로 6, 7층 (걸포동)",174092.8329,458913.3134
남양주화도,CGV,영업,경기도,경기도,남양주시,경기도 남양주시 화도읍 녹촌리 46-23,"""경기도 남양주시 화도읍 경춘로1876번길 40, 2,3층""",226029.8178,460824.6348
다산,CGV,영업,경기도,경기도,남양주시,경기도 남양주시 다산동 6143,"경기도 남양주시 다산순환로 20, 다산 현대프리미어캠퍼스 지하2층 (다산동)",213352.6388,456784.2681
동두천,CGV,영업,경기도,경기도,동두천시,경기도 동두천시 생연동 364-1,경기도 동두천시 평화로 2346 (생연동),205060.0756,488284.851
동백,CGV,영업,경기도,경기도,용인시,경기도 용인시 기흥구 중동 833 쥬네브썬월드빌딩 7001호,"경기도 용인시 기흥구 동백죽전대로 444, 7001호 (중동, 쥬네브썬월드)",213383.9778,419575.3412
동수원,CGV,영업,경기도,경기도,수원시,경기도 수원시 팔달구 인계동 1113 11~12 7층~10층,"경기도 수원시 팔달구 권광로 181, 7층~10층동 (인계동)",202803.4663,418036.0561
동탄,CGV,영업,경기도,경기도,화성시,경기도 화성시 반송동 96 메타폴리스 A동,"경기도 화성시 동탄중앙로 220, A동 (반송동,메타폴리스)",206044.3325,411453.9057
동탄그랑파사쥬,CGV,영업,경기도,경기도,화성시,"경기도 화성시 송동 725-1 더샵 동탄센텀폴리스 1,2단지","경기도 화성시 동탄대로5길 9, 더샵 동탄센텀폴리스 1,2단지 5,6층 5064,5001,6001호 (송동)",209361.7794,407341.074
동탄역,CGV,영업,경기도,경기도,화성시,경기도 화성시 오산동 967-150,"경기도 화성시 동탄대로 537, 5-7층 (오산동)",208572.1677,411122.5782
동탄호수공원,CGV,영업,경기도,경기도,화성시,경기도 화성시 송동 694,"경기도 화성시 동탄대로 181, 레이크꼬모 B2층 (송동)",209253.3874,407725.1146
배곧,CGV,영업,경기도,경기도,시흥시,경기도 시흥시 정왕동 1771-1 서영베니스스퀘어,"경기도 시흥시 서울대학로278번길 61, 서영베니스스퀘어 7~8층 (정왕동)",176072.6007,429602.844
범계,CGV,영업,경기도,경기도,안양시,경기도 안양시 동안구 호계동 1039-3 뉴코아아울렛 11층,"경기도 안양시 동안구 동안로 119 (호계동,뉴코아아울렛 11층)",195607.794,431900.7041
부천,CGV,영업,경기도,경기도,부천시,경기도 부천시 원미구 심곡동 383-1 씨네마홀 8층,"경기도 부천시 원미구 부일로 460, 8층 (심곡동, 씨네마홀)",180574.4511,442653.4956
부천역,CGV,영업,경기도,경기도,부천시,경기도 부천시 원미구 심곡동 383-1 씨네마홀 8층,"경기도 부천시 원미구 부일로 460, 8층 (심곡동, 씨네마홀)",180574.4511,442653.4956
산본,CGV,영업,경기도,경기도,군포시,경기도 군포시 산본동 1142-2 4층,"경기도 군포시 번영로 505, 4층 (산본동)",194028.372,428538.8749
서현,CGV,영업,경기도,경기도,성남시,경기도 성남시 분당구 서현동 256,"경기도 성남시 분당구 서현로180번길 19, 1층 (서현동)",210773.548,431704.1073
소풍,CGV,영업,경기도,경기도,부천시,"경기도 부천시 원미구 상동 539-1 소풍 6,7,8층","경기도 부천시 원미구 송내대로 239, 6,7,8층 (상동, 부천터미널소풍)",178411.4421,444684.4053
스타필드시티위례,CGV,영업,경기도,경기도,하남시,경기도 하남시 학암동 660 스타필드시티 위례점,"경기도 하남시 위례대로 200, 스타필드시티 위례점 (학암동)",213056.0419,441993.3775
신세계경기,CGV,영업,경기도,경기도,용인시,경기도 용인시 수지구 죽전동 1285 (주)신세계 사우스시티,경기도 용인시 수지구 포은대로 536 (주)신세계 사우스시티 9층 (죽전동),209514.368,424782.5285
안산,CGV,영업,경기도,경기도,안산시,경기도 안산시 단원구 고잔동 725-1,경기도 안산시 단원구 광덕대로 194 (고잔동),184953.1217,423556.9601
안성,CGV,영업,경기도,경기도,안성시,경기도 안성시 석정동 139-1,경기도 안성시 아양2로 109 (석정동),222819.6917,390088.2464
야탑,CGV,영업,경기도,경기도,성남시,경기도 성남시 분당구 야탑동 341 테마폴리스 지하2층,"경기도 성남시 분당구 성남대로925번길 16 (야탑동,테마폴리스 지하2층)",211202.1488,434560.9118
양주옥정,CGV,영업,경기도,경기도,양주시,경기도 양주시 옥정동 963-12,"경기도 양주시 옥정로 200, 7,8층 (옥정동)",208043.5,479654.9
역곡,CGV,영업,경기도,경기도,부천시,경기도 부천시 소사구 괴안동 113-1 역곡하이뷰 6~8층,"경기도 부천시 소사구 경인로 505, 6층 (괴안동, 역곡하이뷰)",183213.6656,442488.8611
오리,CGV,영업,경기도,경기도,성남시,경기도 성남시 분당구 구미동 159 분당월드유통센타4층,"경기도 성남시 분당구 탄천상로151번길 20 (구미동,분당월드유통센타4층)",209409.1602,426451.3589
오산중앙,CGV,영업,경기도,경기도,오산시,경기도 오산시 원동 335-10,"경기도 오산시 원동로 22, 르마레시티 3~4층 (원동)",206236.9081,404466.6956
용인,CGV,영업,경기도,경기도,용인시,경기도 용인시 처인구 김량장동 301-3번지 시네마일번가 5~8층,"경기도 용인시 처인구 금령로 86 (김량장동, 시네마일번가)",218209.5417,414813.228
의정부,CGV,영업,경기도,경기도,의정부시,경기도 의정부시 의정부동 168-54 신세계백화점 10층,"경기도 의정부시 평화로 525 (의정부동, 신세계백화점 10층)",204011.3019,470564.0155
이천,CGV,영업,경기도,경기도,이천시,경기도 이천시 중리동 201-1번지,경기도 이천시 중리천로 58 (중리동),239314.5547,419842.4989
일산,CGV,영업,경기도,경기도,고양시,"경기도 고양시 일산동구 장항동 867외1필지 지상 3,4,5,6층",경기도 고양시 일산동구 정발산로 24 웨스턴돔 3층 (장항동),185275.2,459586.4
파주문산,CGV,영업,경기도,경기도,파주,경기도 파주시 문산읍 당동리 892,경기도 파주시 문산읍 방촌로 1719-10,180932.9084,484915.1071
판교,CGV,영업,경기도,경기도,성남시,경기도 성남시 분당구 백현동 541,"경기도 성남시 분당구 판교역로146번길 20, 8층 (백현동, 현대백화점)",209850.447,432304.1494
평촌,CGV,영업,경기도,경기도,안양시,경기도 안양시 동안구 관양동 1606 평촌주공공이 9층,경기도 안양시 동안구 관평로170번길 33 (관양동),196587.715,432322.2319
평택,CGV,영업,경기도,경기도,평택시,경기도 평택시 비전동 1090-2,"경기도 평택시 평남로 862, 5층 (비전동)",209854.0132,388765.0857
평택고덕,CGV,영업,경기도,경기도,평택시,경기도 평택시 장당동 154 판매시설동 301호,"경기도 평택시 경기대로 945, 평택고덕아이파크 판매시설동 301호 (장당동)",206113.4802,392491.2884
평택소사,CGV,영업,경기도,경기도,평택시,경기도 평택시 비전동 1090-2,"경기도 평택시 평남로 862, 5층 (비전동)",209854.0132,388765.0857
포천,CGV,영업,경기도,경기도,포천시,경기도 포천시 소흘읍 송우리 110-3,"경기도 포천시 소흘읍 호국로 689, 4,5층",213127.8331,480798.019
하남미사,CGV,영업,경기도,경기도,하남시,경기도 하남시 망월동 1100 힐스테이트 미사역 그랑파사쥬(12-1BL),"경기도 하남시 미사강변동로 95, 힐스테이트 미사역 그랑파사쥬(12-1BL) 3074호 (망월동)",216873.6705,451296.3107
화성봉담,CGV,영업,경기도,경기도,화성시,경기도 화성시 봉담읍 동화리 564,"경기도 화성시 봉담읍 동화길 51, 원희캐슬봉담 221호",195981.6589,413019.6248
화정,CGV,영업,경기도,경기도,고양시,경기도 고양시 덕양구 화정동 966-1 씨네마플러스 4/5/6층,"경기도 고양시 덕양구 화중로104번길 28 (화정동,씨네마플러스 4/5/6층)",185206.2941,459287.0068
Drive In 용인 크랙사이드,CGV,영업,경기도,경기도,용인시,경기도 용인시 처인구 역북동 89-29 칼리오페,"""경기도 용인시 처인구 성산로170번길 23-1, 칼리오페 (역북동)""",217030.716,416260.8254
계양,CGV,영업,인천,인천시,계양구,인천광역시 계양구 작전동 899-1 10층,"인천광역시 계양구 장제로 738 (작전동,10층)",176465.2631,447989.6417
부평,CGV,영업,인천,인천시,부평구,인천광역시 부평구 청천동 386번지,인천광역시 부평구 마장로 489 (청천동),173718.6048,446665.0644
송도타임스페이스,CGV,영업,인천,인천시,연수구,인천광역시 연수구 송도동 8-21 송도타임스페이스,"인천광역시 연수구 하모니로 158, 송도타임스페이스 지하1, 2층 (송도동)",168216.5778,431393.912
인천,CGV,영업,인천,인천시,남동구,인천광역시 남동구 구월동 1130,인천광역시 남동구 예술로 198 (구월동),173552.3106,438905.868
인천가정,CGV,영업,인천,인천시,서구,인천광역시 서구 가정동 0 루원지웰시티푸르지오 상가동 지하1호,"인천광역시 서구 가정로 406, 상가동 지하1층 (가정동, 루원지웰시티푸르지오)",171150.5,447004.5
인천도화,CGV,영업,인천,인천시,미추홀구,인천광역시 미추홀구 도화동 1011 더샵 인천스카이타워 1단지,"인천광역시 미추홀구 숙골로88번길 12, 지하 1층 (도화동, 더샵 인천스카이타워 1단지)",170309.6602,440927.7482
인천시민공원,CGV,영업,인천,인천시,미추홀구,인천광역시 미추홀구 주안동 0 포레나 미추홀,"인천광역시 미추홀구 경인로 372, 지하2층 B2200호 (주안동, 포레나 미추홀)",171793,439891
인천연수,CGV,영업,인천,인천시,연수구,인천광역시 연수구 동춘동 926 스퀘어원 4층,"인천광역시 연수구 청능대로 210, 4층 (동춘동, 스퀘어원)",171926.0767,433811.1364
인천학익,CGV,영업,인천,인천시,미추홀구,인천광역시 미추홀구 학익동 401-21,"인천광역시 미추홀구 매소홀로 255, 8층 (학익동)",169119.1809,438218.4189
주안역,CGV,영업,인천,인천시,미추홀구,인천광역시 미추홀구 주안동 30-1 카라아울렛 7층,"인천광역시 미추홀구 염창로 58, 7층 (주안동, 카라아울렛)",171655.8502,440422.7007
청라,CGV,영업,인천,인천시,서구,인천광역시 서구 청라동 155-7 청라스퀘어세븐 350호,"인천광역시 서구 청라루비로 76, 청라스퀘어세븐 3층 350호 (경서동)",168257.1702,447843.8442
강릉,CGV,영업,강원,강원시,강릉시,강원특별자치도 강릉시 옥천동 189 7층,강원특별자치도 강릉시 경강로 2120 (옥천동),367257.0896,474274.358
기린,CGV,영업,강원,강원시,인제군,강원특별자치도 인제군 기린면 서리 3-1,강원특별자치도 인제군 기린면 대내로 34-18,315843.2857,496630.228
원통,CGV,영업,강원,강원시,인제군,강원특별자치도 인제군 북면 원통리 459-4,강원도 인제군 북면 금강로 11번길 19 2층,305804.1,514028.2
인제,CGV,영업,강원,강원시,인제군,강원특별자치도 인제군 인제읍 남북리 388 하늘내린센터,강원도 인제군 인제읍 비봉로44번길 100,302219.3,507455.5
춘천,CGV,영업,강원,강원시,춘천시,강원특별자치도 춘천시 퇴계동 1017 7층,강원특별자치도 춘천시 지석로 80 (퇴계동),265386.6343,483368.2515
논산,CGV,영업,대전/충청,충청남도,논산시,충청남도 논산시 내동 452,"충청남도 논산시 시민로 181, CGV타워 4층 (내동)",208700.222,298057.825
당진,CGV,영업,대전/충청,충청남도,당진시,충청남도 당진시 읍내동 1532,충청남도 당진시 우두1로 88 (읍내동),166983.1523,377888.6566
대전,CGV,영업,대전/충청,대전시,동구,대전광역시 동구 가오동 557,대전광역시 동구 은어송로 72 (가오동),241064.7676,311893.458
대전가수원,CGV,영업,대전/충청,대전시,서구,대전광역시 서구 도안동 1774 KD U PLAZA,"""대전광역시 서구 도안동로11번길 45, KD U PLAZA 6층 (도안동)""",231497.3,312002.8
대전가오,CGV,영업,대전/충청,대전시,동구,대전광역시 동구 가오동 557,대전광역시 동구 은어송로 72 (가오동),241064.7676,311893.458
대전탄방,CGV,영업,대전/충청,대전시,서구,대전광역시 서구 탄방동 744 세이탄방점,"대전광역시 서구 문정로 85, 세이탄방점 7층 (탄방동)",234834.8548,316331.8862
대전터미널,CGV,영업,대전/충청,대전시,동구,대전광역시 동구 용전동 68-2 대전복합터미널 동관 3~4층,"대전광역시 동구 동서대로1695번길 30 (용전동, 대전복합터미널 동관 3~4층)",239202.8467,316830.0761
서산,CGV,영업,대전/충청,충청남도,서산시,충청남도 서산시 동문동 1029-1,충청남도 서산시 안견로 242 (동문동),151407.21,364271.7801
세종,CGV,영업,대전/충청,세종시,종촌동,세종특별자치시 종촌동 673 몰리브(Mallive),세종특별자치시 도움1로 108 몰리브 7층,222183,333831
아산,CGV,영업,대전/충청,충청남도,아산시,충청남도 아산시 온천동 79-1,"충청남도 아산시 온천대로 1538, 6층 (온천동)",200683.7572,364318.9062
유성노은,CGV,영업,대전/충청,대전시,유성구,대전광역시 유성구 지족동 905-4,"대전광역시 유성구 노은로 144, 6-8층 (지족동, 노은타운)",228510.5716,319123.8319
천안,CGV,영업,대전/충청,충청남도,천안시,충청남도 천안시 동남구 대흥동 102-10 오렌지씨네스타 5층,"충청남도 천안시 동남구 명동길 47 (대흥동,오렌지씨네스타 5층)",213170.6052,367376.0817
천안터미널,CGV,영업,대전/충청,충청남도,천안시,충청남도 천안시 동남구 신부동 354-1,충청남도 천안시 동남구 만남로 43 (신부동),213910.8506,368774.0876
천안펜타포트,CGV,영업,대전/충청,충청남도,천안시,충청남도 천안시 서북구 불당동 1289,"충청남도 천안시 서북구 공원로 196, 6층 (불당동)",208976.4765,366326.6344
청주(서문),CGV,영업,대전/충청,충청북도,청주시,충청북도 청주시 상당구 서문동 29-2,충청북도 청주시 상당구 상당로81번길 63 (서문동) CGV 청주(서문),243551.6,348627.2
청주지웰시티,CGV,영업,대전/충청,충청북도,청주시,충청북도 청주시 흥덕구 복대동 288-14 3층,"충청북도 청주시 흥덕구 대농로 47-1, 3층 (복대동)",238310.2022,349177.6459
청주터미널,CGV,영업,대전/충청,충청북도,청주시,충청북도 청주시 흥덕구 가경동 1416-3 드림플러스 8층,"충청북도 청주시 흥덕구 2순환로 1233, 8층 (가경동)",238501.3394,347307.9521
충북혁신,CGV,영업,대전/충청,충청북도,음성군,충청북도 음성군 맹동면 동성리 500번지,"충청북도 음성군 맹동면 대하1길 10, 5층",248107.0984,378637.7135
충주교현,CGV,영업,대전/충청,충청북도,충주시,충청북도 충주시 교현동 539-1,"충청북도 충주시 국원대로 107, 한스타워 5~8층 (교현동)",282540.7147,387001.5008
홍성,CGV,영업,대전/충청,충청남도,홍성군,충청남도 홍성군 홍성읍 고암리 1042,충청남도 홍성군 홍성읍 조양로247번길 9,170963.8162,344485.5651
대구,CGV,영업,대구,대구시,달서구,대구광역시 달서구 월성동 1846,대구광역시 달서구 조암로 29 (월성동),337925.1213,259346.8508
대구수성,CGV,영업,대구,대구시,수성구,대구광역시 수성구 범물동 1273 동아백화점 수성점 9층,"대구광역시 수성구 지범로 191 (범물동,동아백화점 수성점 9층)",348194.4994,259144.5193
대구스타디움,CGV,영업,대구,대구시,수성구,대구광역시 수성구 대흥동 504 B2F,대구광역시 수성구 유니버시아드로 140 (대흥동),352335.045,260158.7502
대구아카데미,CGV,영업,대구,대구시,중구,대구광역시 중구 남일동 65-1,대구광역시 중구 중앙대로 412 (남일동),343908.6834,264477.417
대구연경,CGV,영업,대구,대구시,북구,대구광역시 북구 연경동 1078-2,"대구광역시 북구 동화천로 290, 5층 (연경동)",346360.7078,272433.9057
대구월성,CGV,영업,대구,대구시,달서구,대구광역시 달서구 월성동 1846,대구광역시 달서구 조암로 29 (월성동),337925.1213,259346.8508
대구죽전,CGV,영업,대구,대구시,달서구,대구광역시 달서구 죽전동 273-27,"대구광역시 달서구 달구벌대로 1551, 골든타워 8~11층 (죽전동)",338717.7142,262242.3856
대구한일,CGV,영업,대구,대구시,중구,대구광역시 중구 동성로2가 88-22,대구광역시 중구 동성로 39 (동성로2가),344009.2409,264537.6112
대구현대,CGV,영업,대구,대구시,중구,대구광역시 중구 계산동2가 200,대구광역시 중구 달구벌대로 2077 (계산동2가),343588.7356,264119.0108
대연,CGV,영업,부산/울산,부산시,남구,부산광역시 남구 대연동 73-15 스파크,"부산광역시 남구 수영로 305, 스파크 8층 (대연동)",391258.8699,184039.54
동래,CGV,영업,부산/울산,부산시,동래구,부산광역시 동래구 온천동 153-8 SKHUBSKY,"부산광역시 동래구 중앙대로 1523, SKHUBSKY 6층 (온천동)",389816.233,193329.6059
부산명지,CGV,영업,부산/울산,부산시,강서구,부산광역시 강서구 명지동 3586-4,부산광역시 강서구 명지국제8로 10번길 38 명지플러스시네마 8층 CGV부산명지,373575.8,179227.4
서면,CGV,영업,부산/울산,부산시,부산진구,부산광역시 부산진구 부전동 227-2 삼정타워 11층,"부산광역시 부산진구 중앙대로 672, 삼정타워 11층 (부전동)",387608.0142,185703.079
서면삼정타워,CGV,영업,부산/울산,부산시,부산진구,부산광역시 부산진구 부전동 227-2 삼정타워 11층,"부산광역시 부산진구 중앙대로 672, 삼정타워 11층 (부전동)",387608.0142,185703.079
서면상상마당,CGV,영업,부산/울산,부산시,부산진구,부산광역시 부산진구 부전동 521-1 KT&G 상상마당부산,"부산광역시 부산진구 서면로 39, KT&G 상상마당부산 8~12층 (부전동)",387394.968,185837.3166
센텀시티,CGV,영업,부산/울산,부산시,해운대구,부산광역시 해운대구 우동 1495 신세계백화점 8층,"부산광역시 해운대구 센텀남대로 35 (우동,신세계백화점 8층)",393952.2645,187602.9332
씨네드쉐프 센텀,CGV,영업,부산/울산,부산시,해운대구,부산광역시 해운대구 우동 1495 신세계백화점센텀시티점,부산광역시 해운대구 센텀남대로 35 (우동),394089,187936
아시아드,CGV,영업,부산/울산,부산시,연제구,부산광역시 연제구 거제동 1208,부산광역시 연제구 종합운동장로 7 (거제동),387686.1949,189911.4305
울산삼산,CGV,영업,부산/울산,울산시,남구,울산광역시 남구 삼산동 1569-1 업스퀘어 6층,"울산광역시 남구 화합로 185, 6층 (삼산동, 업스퀘어)",412037.5114,229430.4553
울산성남,CGV,영업,부산/울산,울산시,중구,울산광역시 중구 성남동 3-6,"울산광역시 중구 중앙길 145, 크레존 5층 (성남동)",410411.0053,230976.5586
울산신천,CGV,영업,부산/울산,울산시,북구,울산광역시 북구 신천동 51 신천CGV LEEPLEX,"""울산광역시 북구 매산1로 17, 신천CGV LEEPLEX 5,6층 (신천동)""",413327.4826,239791.1942
울산진장,CGV,영업,부산/울산,울산시,북구,울산광역시 북구 진장동 120-9 CGV,"울산광역시 북구 진장유통로 51-10, CGV (진장동)",413570,233538
정관,CGV,영업,부산/울산,부산시,기장군,부산광역시 기장군 정관읍 매학리 717-6,부산광역시 기장군 정관읍 정관중앙로 45,398024.2448,204621.6557
하단아트몰링,CGV,영업,부산/울산,부산시,사하구,부산광역시 사하구 하단동 526-6,"부산광역시 사하구 낙동남로 1413, 12층 (하단동, 아트몰링)",379212.0797,180390.069
해운대,CGV,영업,부산/울산,부산시,해운대구,부산광역시 해운대구 우동 539-10 라뮤에뜨 2층,"부산광역시 해운대구 해운대로 620 (우동, 해운대 라뮤에뜨)",396596.4435,186999.8845
Drive In 영도,CGV,영업,부산/울산,부산시,영도구,부산광역시 영도구 동삼동 1009,부산광역시 영도구 태종로833번길 55 (동삼동) CGV DRIVE IN 영도,389989.6806,175680.6599
거제,CGV,영업,경상,경상남도,거제시,경상남도 거제시 장평동 1211,경상남도 거제시 장평로 12 (장평동),347704.2059,155893.0016
경산,CGV,영업,경상,경상북도,경산시,경상북도 경산시 중방동 897,경상북도 경산시 대학로28길 6-5 (중방동),356853.4919,260604.6759
고성,CGV,영업,경상,경상남도,고성군,경상남도 고성군 고성읍 서외리 77-1 고성군 작은영화관,"경상남도 고성군 고성읍 송학로 58, 고성군 작은영화관",320083.2789,165018.4113
구미,CGV,영업,경상,경상북도,구미시,경상북도 구미시 원평동 68-1,경상북도 구미시 구미중앙로 44 (원평동),319433.1401,292986.7904
김천율곡,CGV,영업,경상,경상북도,김천시,경상북도 김천시 율곡동 1123번지,"경상북도 김천시 혁신2로 15 (율곡동, 더스퀘어)",306479.0645,291131.5889
김해,CGV,영업,경상,경상남도,김해시,경상남도 김해시 내동 1131-4 휴앤락몰,"경상남도 김해시 내외중앙로 137, 4층 (내동, 휴앤락몰)",370012.373,195252.4469
김해율하,CGV,영업,경상,경상남도,김해시,경상남도 김해시 율하동 1347-2번지,경상남도 김해시 율하2로 111 (율하동),365144.7853,187151.1233
김해장유,CGV,영업,경상,경상남도,김해시,경상남도 김해시 대청동 302-5,경상남도 김해시 삼문로 12 (대청동),364053.3354,189566.1012
마산,CGV,영업,경상,경상남도,창원시 마산회원구,경상남도 창원시 마산회원구 합성동 126-4,경상남도 창원시 마산회원구 3·15대로 736 (합성동),343966.6217,194288.6445
북포항,CGV,영업,경상,경상북도,포항시,경상북도 포항시 북구 덕산동 235-4,경상북도 포항시 북구 서동로 93 (덕산동),413362.4224,284852.5835
안동,CGV,영업,경상,경상북도,안동시,경상북도 안동시 용상동 1426-1번지,경상북도 안동시 경동로 841 (용상동),356541.0156,341426.3052
양산삼호,CGV,영업,경상,경상남도,양산시,경상남도 양산시 삼호동 1010-3번지,"경상남도 양산시 삼호1길 42, 5,6층 (삼호동)",396840.5494,214866.5062
진주혁신,CGV,영업,경상,경상남도,진주시,경상남도 진주시 충무공동 225-1,"경상남도 진주시 에나로127번길 30, 어반스퀘어 4,5층 (충무공동)",304128.1408,187423.9961
창원더시티,CGV,영업,경상,경상남도,창원시,"경상남도 창원시 성산구 대원동 121 W224,W306,W401","경상남도 창원시 성산구 원이대로 320 (대원동, W224,W306,W401)",350381.455,194669.2038
창원상남,CGV,영업,경상,경상남도,창원시 성산구,경상남도 창원시 성산구 상남동 77-4,"경상남도 창원시 성산구 중앙대로100번길 13, 창원 엠포리움 5,6층 (상남동)",353008.424,192790.4061
광양 엘에프스퀘어,CGV,영업,광주/전라/제주,전라남도,광양시,전라남도 광양시 광양읍 덕례리 702,전라남도 광양시 광양읍 순광로 466,251752.2,163151.3
광주금남로,CGV,영업,광주/전라/제주,광주시,동구,광주광역시 동구 불로동 1-21,광주광역시 동구 중앙로160번길 16-7 (불로동),192150.4993,183089.569
광주상무,CGV,영업,광주/전라/제주,광주시,서구,광주광역시 서구 치평동 1218-1,광주광역시 서구 시청로 67 (치평동),186350.8164,183915.8701
광주용봉,CGV,영업,광주/전라/제주,광주시,북구,광주광역시 북구 용봉동 17-1,광주광역시 북구 문화소통로 170 (용봉동),191975.4185,187025.3545
광주첨단,CGV,영업,광주/전라/제주,광주시,광산구,광주광역시 광산구 쌍암동 694-35,광주광역시 광산구 첨단중앙로182번길 8,185625.5,191643
광주충장로,CGV,영업,광주/전라/제주,광주시,동구,광주광역시 동구 충장로4가 29-2,"광주광역시 동구 중앙로 163, 11층 (충장로4가, NC 웨이브 충장점)",192005.764,183296.8613
광주하남,CGV,영업,광주/전라/제주,광주시,광산구,광주광역시 광산구 하남동 832 TERRACE56  PICNICMALL,"광주광역시 광산구 용아로400번길 30, TERRACE56  PICNICMALL 2층 (하남동)",182301.7727,186588.2421
나주,CGV,영업,광주/전라/제주,전라남도,나주시,전라남도 나주시 빛가람동 203-3번지 티씨씨타워 4층,전라남도 나주시 상야4길 16-16,181036.5362,169457.8414
목포,CGV,영업,광주/전라/제주,전라남도,목포시,전라남도 목포시 상동 1129-6,전라남도 목포시 원형동로 53 (상동),148058.3144,144672.7938
목포평화광장,CGV,영업,광주/전라/제주,전라남도,목포시,전라남도 목포시 상동 1129-6,전라남도 목포시 원형동로 53 (상동),148058.3144,144672.7938
서전주,CGV,영업,광주/전라/제주,전라북도,전주시,전북특별자치도 전주시 완산구 효자동3가 1531-2 M-SQUARE,전북특별자치도 전주시 완산구 홍산로 260,209620,257725
순천신대,CGV,영업,광주/전라/제주,전라남도,순천시,전라남도 순천시 해룡면 신대리 2139,전라남도 순천시 해룡면 해광로 199,250396.8735,158714.5191
여수웅천,CGV,영업,광주/전라/제주,전라남도,여수시,전라남도 여수시 웅천동 1720-3,전라남도 여수시 웅천로 19-35 (웅천동),262077.5781,139123.0121
익산,CGV,영업,광주/전라/제주,전라북도,익산시 ,전북특별자치도 익산시 영등동 149-1,전북특별자치도 익산시 무왕로 1052,197633.6,273389.2
전주고사,CGV,영업,광주/전라/제주,전라북도,전주시,전북특별자치도 전주시 완산구 고사동 355-1,전북특별자치도 전주시 완산구 전주객사3길 72,212828.4,258124.4
전주에코시티,CGV,영업,광주/전라/제주,전라북도,전주시,전북특별자치도 전주시 덕진구 송천동2가 1329-1 로마네시티 현대썬앤빌 전주,전북특별자치도 전주시 덕진구 세병2길 10,211256,263989
전주효자,CGV,영업,광주/전라/제주,전라북도,전주시,전북특별자치도 전주시 완산구 효자동1가 434,전북특별자치도 전주시 완산구 용머리로 45,210484.5,256616
정읍,CGV,영업,광주/전라/제주,전라북도,정읍시,전북특별자치도 정읍시 수성동 525-1,전북특별자치도 정읍시 중앙1길 1,186366,230328
제주,CGV,영업,광주/전라/제주,제주도,제주시,제주특별자치도 제주시 이도이동 1776-3,제주특별자치도 제주시 서광로 288 (이도이동),156002.3972,507.5310548
제주노형,CGV,영업,광주/전라/제주,제주도,제주시,제주특별자치도 제주시 노형동 1288-5,제주특별자치도 제주시 노형로 407 (노형동),151441.4474,-1047.378627
가산디지털,롯데시네마,영업,서울,서울시,금천구,서울특별시 금천구 가산동 60-8 현대시티아울렛 가산점,"서울특별시 금천구 디지털로10길 9, 현대시티아울렛 가산점 (가산동)",190119.4634,441716.6846
가양,롯데시네마,영업,서울,서울시,강서구,"서울특별시 강서구 등촌동 73-1 4,5,6층","서울특별시 강서구 양천로 476, 4,5,6층 (등촌동)",186966.0362,451047.2873
강동,롯데시네마,영업,서울,서울시,강동구,서울특별시 강동구 성내동 44-1번지,서울특별시 강동구 천호옛길 85 (성내동),211008.0193,448270.5004
건대입구,롯데시네마,영업,서울,서울시,광진구,서울특별시 광진구 자양동 227-7 더샵스타시티,"서울특별시 광진구 아차산로 272, 더샵스타시티 (자양동)",206349.675,448396.9397
김포공항,롯데시네마,영업,서울,서울시,강서구,서울특별시 강서구 방화동 886 스카이파크,"서울특별시 강서구 하늘길 38 (방화동, 스카이파크)",182524.8238,451438.2509
노원,롯데시네마,영업,서울,서울시,노원구,서울특별시 노원구 상계동 713,서울특별시 노원구 동일로 1414 (상계동),205320.2848,461419.8818
도곡,롯데시네마,영업,서울,서울시,강남구,서울특별시 강남구 도곡동 174-3,서울특별시 강남구 남부순환로 2753 (도곡동),204098.596,442807.3172
독산,롯데시네마,영업,서울,서울시,금천구,서울특별시 금천구 독산동 291-5,서울특별시 금천구 시흥대로 399 (독산동),190858.6495,440808.5413
서울대입구,롯데시네마,영업,서울,서울시,관악구,서울특별시 관악구 봉천동 862-1 12층,"서울특별시 관악구 남부순환로 1820, 12층 (봉천동, 에그엘로우)",195703.0437,442094.0858
수락산,롯데시네마,영업,서울,서울시,노원구,서울특별시 노원구 상계동 1132-35,서울특별시 노원구 동일로 1660 3층,,
수유,롯데시네마,영업,서울,서울시,강북구,서울특별시 강북구 번동 449-1,서울특별시 강북구 도봉로 308 (번동),202032.7576,459259.444
신대방(구로디지털역),롯데시네마,영업,서울,서울시,동작구,서울특별시 동작구 신대방동 686-48 동작 협성휴포레 시그니처,"서울특별시 동작구 시흥대로 606, 지2층 (신대방동, 동작 협성휴포레 시그니처)",191548.5358,442684.5314
신도림,롯데시네마,영업,서울,서울시,구로구,서울특별시 구로구 신도림동 692 디큐브시티 제타워동 7~8층 일부,"서울특별시 구로구 경인로 662 (신도림동, 디큐브시티 제타워동 7~8층 일부)",190107.0454,445157.6264
신림,롯데시네마,영업,서울,서울시,관악구,서울특별시 관악구 신림동 1641-2 14층,"서울특별시 관악구 신림로 330 (신림동,14층)",193754.4274,442407.2012
에비뉴엘(명동),롯데시네마,영업,서울,서울시,중구,서울특별시 중구 남대문로2가 130,"서울특별시 중구 남대문로 73, 6~7층 (남대문로2가, AVENUEL)",198333.4709,451313.4129
영등포,롯데시네마,영업,서울,서울시,영등포구,서울특별시 영등포구 영등포동 618-496 외 12필지,"서울특별시 영등포구 경인로 846, A동 7~9층 (영등포동, 롯데백화점 영등포점)",191741.3458,445970.3076
용산,롯데시네마,영업,서울,서울시,용산구,서울특별시 용산구 한강로3가 16-9 4~5층,"서울특별시 용산구 청파로 74, 4~5층 (한강로3가)",196370.7464,447841.6988
월드타워,롯데시네마,영업,서울,서울시,송파구,서울특별시 송파구 신천동 29,"서울특별시 송파구 올림픽로 300, 엔터테인먼트동 5~11층 (신천동, 롯데월드몰)",209074.9008,445657.8093
은평(롯데몰),롯데시네마,영업,서울,서울시,은평구,서울특별시 은평구 진관동 63,서울특별시 은평구 통일로 1050 (진관동),192694.9237,459461.2361
중랑,롯데시네마,영업,서울,서울시,중랑구,서울특별시 중랑구 묵동 234-1,서울특별시 중랑구 동일로 951 (묵동),206641.2692,456981.0858
청량리,롯데시네마,영업,서울,서울시,동대문구,"서울특별시 동대문구 전농동 591-53 청량리민자역사 8층,9층","서울특별시 동대문구 왕산로 214, 8층,9층 (전농동, 청량리민자역사)",204081.2821,453187.3952
합정,롯데시네마,영업,서울,서울시,마포구,서울특별시 마포구 서교동 490 메세나폴리스 2층,"서울특별시 마포구 양화로 45, 2층 (서교동, 메세나폴리스)",192311.6426,449855.6439
홍대입구,롯데시네마,영업,서울,서울시,마포구,서울특별시 마포구 동교동 166-6,서울특별시 마포구 양화로 176 (동교동),193330.7141,450564.5132
광교,롯데시네마,영업,경기/인천,경기도,수원시,경기도 수원시 영통구 이의동 1338,경기도 수원시 영통구 도청로 10 (이의동),204888.8556,420476.3916
광명(광명사거리),롯데시네마,영업,경기/인천,경기도,광명시,"경기도 광명시 광명동 150-19 크로앙스 7,8층","경기도 광명시 오리로 970, 7,8층 (광명동, 크로앙스)",187160.8742,441928.3533
광명아울렛,롯데시네마,영업,경기/인천,경기도,광명시,경기도 광명시 일직동 500,"경기도 광명시 일직로 17, 6,7층 (일직동)",189614.4451,435789.264
구리아울렛,롯데시네마,영업,경기/인천,경기도,구리시,경기도 구리시 인창동 419-7 6~8층 롯데시네마 구리아울렛,"경기도 구리시 동구릉로136번길 47, 6~8층 (인창동, 롯데시네마 구리아울렛)",212338.5166,456623.1791
동탄,롯데시네마,영업,경기/인천,경기도,화성시,경기도 화성시 오산동 967-157,"경기도 화성시 동탄역로 160, 7층 (오산동)",208569.6424,410949.2635
라페스타,롯데시네마,영업,경기/인천,경기도,고양시,경기도 고양시 일산동구 장항동 764 라페스타C,"경기도 고양시 일산동구 무궁화로 32-34, 라페스타C 3층 (장항동)",179511.6963,462156.7491
마석,롯데시네마,영업,경기/인천,경기도,남양주시,경기도 남양주시 화도읍 마석우리 255-24,경기도 남양주시 화도읍 경춘로 1992,227234.545,460930.696
별내,롯데시네마,영업,경기/인천,경기도,남양주시,경기도 남양주시 별내동 1005,"경기도 남양주시 별내중앙로 10, 지하 2층 (별내동)",211165.1672,460284.288
병점,롯데시네마,영업,경기/인천,경기도,화성시,경기도 화성시 병점동 844-1 씨네샤르망,"경기도 화성시 효행로 1052, 씨네샤르망 (병점동)",203710.058,412437.8082
부천(신중동역),롯데시네마,영업,경기/인천,경기도,부천시,경기도 부천시 원미구 중동 1141-2 8층~14층,"경기도 부천시 원미구 길주로 280 (중동, 프리머스 부천타워)",179874.935,444538.5593
부평,롯데시네마,영업,경기/인천,인천시,부평구,인천광역시 부평구 갈산동 94,"인천광역시 부평구 주부토로 236, B동 (갈산동)",175822.3041,445934.8107
부평갈산,롯데시네마,영업,경기/인천,인천시,부평구,인천광역시 부평구 갈산동 94,"인천광역시 부평구 주부토로 236, B동 (갈산동)",175822.3041,445934.8107
부평역사,롯데시네마,영업,경기/인천,인천시,부평구,인천광역시 부평구 부평동 738-21,인천광역시 부평구 광장로 16 (부평동),175405.1137,443089.591
북수원(천천동),롯데시네마,영업,경기/인천,경기도,수원시,경기도 수원시 장안구 천천동 516,"경기도 수원시 장안구 천천로 100, 3층 (천천동)",198520.4175,422075.1568
산본피트인,롯데시네마,영업,경기/인천,경기도,군포시,경기도 군포시 산본동 1145-6 10층,"경기도 군포시 번영로 485, 10층 (산본동)",193789.4107,428419.5783
서수원,롯데시네마,영업,경기/인천,경기도,수원시,경기도 수원시 권선구 금곡동 1114-1 리더스 빌딩 10층호,"경기도 수원시 권선구 금곡로 219, 리더스 빌딩 10층 (금곡동)",195858.1535,419228.5768
성남중앙(신흥역),롯데시네마,영업,경기/인천,경기도,수원시,경기도 성남시 수정구 신흥동 4124 신흥역 시네마타워,"경기도 성남시 수정구 산성대로 267, 신흥역 시네마타워 8-11층 (신흥동)",212889.7803,437694.3048
센트럴락,롯데시네마,영업,경기/인천,경기도,안산시,경기도 안산시 단원구 고잔동 539-2 조이월드상가 901호,"경기도 안산시 단원구 고잔로 108, 901호 (고잔동,조이월드상가)",185573.7018,424075.3375
송탄,롯데시네마,영업,경기/인천,경기도,평택시,경기도 평택시 서정동 818-36,경기도 평택시 관광특구로 19 (서정동),205355.9942,396167.9982
수원(수원역),롯데시네마,영업,경기/인천,경기도,수원시,경기도 수원시 권선구 서둔동 296-77 롯데몰,"경기도 수원시 권선구 세화로 134 (서둔동, 롯데몰)",199673.3786,418025.5478
수지,롯데시네마,영업,경기/인천,경기도,용인시,경기도 용인시 수지구 성복동 23 롯데몰성복점,"경기도 용인시 수지구 성복2로 38, 롯데몰성복점 5층 (성복동)",207273.4907,423410.2183
시화(정왕역),롯데시네마,영업,경기/인천,경기도,시흥시,경기도 시흥시 정왕동 2327-2 외1필지 4층,"경기도 시흥시 마유로418번길 10 (정왕동,외1필지 4층)",177047.2889,427744.5565
시흥장현,롯데시네마,영업,경기/인천,경기도,시흥시,경기도 시흥시 능곡동 235-1 시흥 플랑드르,"경기도 시흥시 장현능곡로 155, 시흥 플랑드르 6층 (능곡동)",182864.7428,429902.0714
안산,롯데시네마,영업,경기/인천,경기도,안산시,경기도 안산시 단원구 고잔동 717-2,경기도 안산시 단원구 광덕대로 137 (고잔동),184763.8988,422990.5098
안산고잔,롯데시네마,영업,경기/인천,경기도,안산시,경기도 안산시 단원구 고잔동 717-2,경기도 안산시 단원구 광덕대로 137 (고잔동),184763.8988,422990.5098
안성,롯데시네마,영업,경기/인천,경기도,안성시,경기도 안성시 공도읍 양기리 306,경기도 안성시 공도읍 서동대로 4478,217695.6371,389592.8954
안양(안양역),롯데시네마,영업,경기/인천,경기도,안양시,경기 안양시 만안구 안양동 676-1,경기도 안양시 만안구 안양로 311,192938,433373.8
안양일번가,롯데시네마,영업,경기/인천,경기도,안양시,경기도 안양시 만안구 안양동 676-1 PROJECT 500 TOWER,"경기도 안양시 만안구 안양로 311, PROJECT 500 TOWER 9~13층 (안양동)",192938,433373.8
용인기흥,롯데시네마,영업,경기/인천,경기도,용인시,경기도 용인시 기흥구 구갈동 234 힐스테이트 기흥,"경기도 용인시 기흥구 기흥역로 63, 102동 5층 (구갈동, 힐스테이트 기흥)",210353.7826,419192.2268
용인역북,롯데시네마,영업,경기/인천,경기도,용인시,경기도 용인시 처인구 역북동 510,"경기도 용인시 처인구 중부대로 1294, 5층 (역북동)",216638.1962,414851.808
위례,롯데시네마,영업,경기/인천,경기도,성남시,경기도 성남시 수정구 창곡동 23-4 위례한화오벨리스크센트럴스퀘어 지하1층,"경기도 성남시 수정구 위례광장로 104, 지하1층 (창곡동, 위례한화오벨리스크센트럴스퀘어)",212425.5601,441216.3704
의정부민락,롯데시네마,영업,경기/인천,경기도,의정부시,"경기도 의정부시 민락동 804-6 해동타워 8,9층","경기도 의정부시 천보로 44 (민락동, 해동타워 8,9층)",208436.8809,471310.7075
인덕원,롯데시네마,영업,경기/인천,경기도,안양시,경기도 안양시 동안구 관양동 1502-6 아이퍼스트타워,경기도 안양시 동안구 흥안대로 519,,
인천아시아드,롯데시네마,영업,경기/인천,인천시,서구,인천광역시 서구 연희동 378 인천아시아드주경기장,"인천광역시 서구 봉수대로 806, 인천아시아드주경기장 (연희동)",170234.0162,449416.8783
인천터미널,롯데시네마,영업,경기/인천,인천시,미추홀구,인천광역시 미추홀구 관교동 15 지하1층,"인천광역시 미추홀구 연남로 35, 지하1층 (관교동)",173499.2673,437739.3214
진접,롯데시네마,영업,경기/인천,경기도,남양주시,경기도 남양주시 진접읍 금곡리 1081-2 래일스타 10층,경기도 남양주시 진접읍 해밀예당1로 36 (래일스타 10층),216390.2001,467747.2198
파주롯데아울렛,롯데시네마,영업,경기/인천,경기도,파주시,경기도 파주시 문발동 644 롯데프리미엄아울렛,"경기도 파주시 문발로 284, 롯데프리미엄아울렛 B동 4층 (문발동)",172824.7401,468446.4024
파주야당,롯데시네마,영업,경기/인천,경기도,파주시,경기도 파주시 야당동 1066,"경기도 파주시 경의로 1074, 601호 (야당동)",178762.9444,467888.442
파주운정,롯데시네마,영업,경기/인천,경기도,파주시,"경기도 파주시 목동동 927 3,4층","경기도 파주시 청암로17번길 17, 3,4층 (목동동)",176725.2624,469706.9911
판교(창조경제벨리),롯데시네마,영업,경기/인천,경기도,성남시,경기도 성남시 수정구 시흥동 296-3,"경기도 성남시 수정구 창업로 18, 파미어스몰 B1~3층 (시흥동)",208628.0191,434627.0392
평촌(범계역),롯데시네마,영업,경기/인천,경기도,안양시,경기도 안양시 동안구 호계동 1039,경기도 안양시 동안구 시민대로 180 (호계동),195544.974,432016.7834
하남미사,롯데시네마,영업,경기/인천,경기도,하남시,경기도 하남시 덕풍동 831-1 현대지식산업센터 한강미사2차(25BL),"경기도 하남시 미사대로 520, 현대지식산업센터 한강미사2차(25BL) 지하 1층 (덕풍동)",217964.3538,450753.9415
향남,롯데시네마,영업,경기/인천,경기도,화성시,경기도 화성시 향남읍 하길리 1470-2,"경기도 화성시 향남읍 상신하길로298번길 7-21, 7층",192141.2896,401495.4368
당진,롯데시네마,영업,충청/대전,충청남도,당진군,충청남도 당진시 수청동 1041,충청남도 당진시 시청2로 49-19 (수청동),168433.8132,376251.3744
대전(백화점),롯데시네마,영업,충청/대전,대전시,서구,대전광역시 서구 괴정동 423-1 10층,대전광역시 서구 계룡로 598 (괴정동),234901.1939,315605.266
대전관저,롯데시네마,영업,충청/대전,대전시,서구,대전광역시 서구 관저동 1735,"대전광역시 서구 봉우로8번길 23, 5,6층 (관저동)",229902.1768,311365.3487
대전센트럴,롯데시네마,영업,충청/대전,대전시,서구,대전광역시 서구 둔산동 1279 6층,"대전광역시 서구 대덕대로 216, 6층 (둔산동)",233985.7912,316847.1617
서산,롯데시네마,영업,충청/대전,충청남도,서산시,충청남도 서산시 동문동 193-1번지 외 2필지,"충청남도 서산시 율지18로 38 (동문동,외 2필지)",152229.2291,364299.2693
서청주(아울렛),롯데시네마,영업,충청/대전,충청북도,청주시,충청북도 청주시 흥덕구 비하동 332-1,충청북도 청주시 흥덕구 2순환로 1004 (비하동),237628.5276,349407.6757
아산터미널,롯데시네마,영업,충청/대전,충청남도,아산시,충청남도 아산시 모종동 555-5,충청남도 아산시 번영로 225 (모종동),201341.1916,364818.0344
오송,롯데시네마,영업,충청/대전,충청북도,청주시,충청북도 청주시 흥덕구 오송읍 봉산리 996 7층,"충청북도 청주시 흥덕구 오송읍 오송생명11로 46, 7층",228232.0767,346461.5003
천안불당,롯데시네마,영업,충청/대전,충청남도,천안시,충청남도 천안시 서북구 불당동 1537-2,"충청남도 천안시 서북구 불당21로 67-8, 7층 (불당동)",209591.4828,367992.5044
천안청당,롯데시네마,영업,충청/대전,충청남도,천안시,충청남도 천안시 동남구 청당동 547,"충청남도 천안시 동남구 청수11로 35, 7~8층 (청당동)",213863.1817,364641.4235
청주용암,롯데시네마,영업,충청/대전,충청북도,청주시,충청북도 청주시 상당구 용암동 1703,충청북도 청주시 상당구 1순환로 1233 (용암동),244938.9969,345214.1851
충주(모다아울렛),롯데시네마,영업,충청/대전,충청북도,충주시,충청북도 충주시 달천동 786-3,"충청북도 충주시 중원대로 3683, 4층 (달천동)",280024,385118.3
광주(백화점),롯데시네마,영업,전라/광주,광주시,동구,광주광역시 동구 대인동 7-1,광주광역시 동구 독립로 268 (대인동),191913.0383,183968.0199
광주광산,롯데시네마,영업,전라/광주,광주시,광산구,광주광역시 광산구 무진대로 272-8 (우산동),광주광역시 광산구 무진대로 272-8 (우산동),182582.4651,184555.2646
광주첨단,롯데시네마,영업,전라/광주,광주시,광산구,광주광역시 광산구 쌍암동 654-2 힐스테이트 첨단,"광주광역시 광산구 첨단중앙로182번길 8, 2층 (쌍암동, 힐스테이트 첨단)",185535.3011,191365.2411
군산나운,롯데시네마,영업,전라/광주,전라북도,군산시,전북특별자치도 군산시 나운동 114-34,전북특별자치도 군산시 백토로 198 (나운동),173292.8568,273527.9058
군산몰,롯데시네마,영업,전라/광주,전라북도,군산시,전북특별자치도 군산시 조촌동 450-21 롯데몰 군산점,"전북특별자치도 군산시 조촌로 130, 롯데몰 군산점 (조촌동)",176350.4825,275156.8818
수완(아울렛),롯데시네마,영업,전라/광주,광주시,광산구,광주광역시 광산구 장덕동 1678,광주광역시 광산구 장신로 98 (장덕동),183530.6411,187845.5287
익산모현,롯데시네마,영업,전라/광주,전라북도,익산시,전북특별자치도 익산시 모현동1가 876,전북특별자치도 익산시 선화로 77 (모현동1가),194489.7532,272181.1411
전주(백화점),롯데시네마,영업,전라/광주,전라북도,전주시,전북특별자치도 전주시 완산구 서신동 971 롯데백화점(7~8층우측1번째),"전북특별자치도 전주시 완산구 온고을로 2 (서신동, 롯데백화점)",210932.1764,259384.6678
전주송천,롯데시네마,영업,전라/광주,전라북도,전주시,전북특별자치도 전주시 덕진구 송천동2가 1422 파인트리몰 5~6층,"전북특별자치도 전주시 덕진구 송천중앙로 225, 파인트리몰 5~6층 (송천동2가)",210850.2698,262991.6924
전주평화,롯데시네마,영업,전라/광주,전라북도,전주시,전북특별자치도 전주시 완산구 평화동1가 604-1,"전북특별자치도 전주시 완산구 백제대로 10 (평화동1가, 전주롯데시네마 평화점)",211904.5286,255135.9476
충장로,롯데시네마,영업,전라/광주,광주시,동구,광주광역시 동구 황금동 12-2번지,광주광역시 동구 충장로안길 12 (황금동),192149.202,183221.9289
경주황성,롯데시네마,영업,경북/대구,경상북도,경주시,경상북도 경주시 황성동 800-22,"경상북도 경주시 유림로5번길 85-46, 황성동복합시설 (황성동)",400240.0532,266781.9324
구미공단,롯데시네마,영업,경북/대구,경상북도,구미시,"경상북도 구미시 공단동 253-2 박스인빌딩 4층 일부 5층,6층,7층","경상북도 구미시 산호대로 233 (공단동, 박스인빌딩 4층 일부 5층,6층,7층)",324642.517,290192.8659
대구광장,롯데시네마,영업,경북/대구,대구시,서구,대구광역시 서구 내당동 463-62 M플라자,"대구광역시 서구 달구벌대로 1691 (내당동, M플라자)",340011.7376,262835.1995
대구율하,롯데시네마,영업,경북/대구,대구시,동구,대구광역시 동구 율하동 1117,대구광역시 동구 안심로 80 (율하동),352868.5366,264480.5655
대구현풍,롯데시네마,영업,경북/대구,대구시,중구,대구 달성군 현풍읍 중리 490,대구광역시 달성군 현풍읍 테크노상업로 62,331820.3,244971.9
동성로,롯데시네마,영업,경북/대구,대구시,중구,대구광역시 중구 동성로2가 66-1,대구광역시 중구 동성로2길 95 (동성로2가),344128.8755,264507.1567
상인,롯데시네마,영업,경북/대구,대구시,달서구,대구광역시 달서구 상인동 241,대구광역시 달서구 월곡로 247 (상인동),339041.173,258463.128
상주,롯데시네마,영업,경북/대구,경상북도,달서구,경상북도 상주시 서문동 140-2번지,경상북도 상주시 중앙로 147 (서문동),303465.9545,324524.6874
성서,롯데시네마,영업,경북/대구,대구시,달서구,대구광역시 달서구 이곡동 1244-1,대구광역시 달서구 성서로 414 (이곡동),336128.8616,262620.4355
영주,롯데시네마,영업,경북/대구,경상북도,영주시,경상북도 영주시 영주동 497,경상북도 영주시 구성로 417 (영주동),344256.2072,370753.4519
영천,롯데시네마,영업,경북/대구,경상북도,영천시,경상북도 영천시 완산동 1402 고은스퀘어,"경상북도 영천시 시장로 96, 고은스퀘어 2층 (완산동)",375009.8483,275376.5126
포항,롯데시네마,영업,경북/대구,경상북도,포항시,경상북도 포항시 북구 대흥동 563-3,경상북도 포항시 북구 중앙상가길 16 (대흥동),412902.6585,284383.4464
프리미엄구미센트럴,롯데시네마,영업,경북/대구,경상북도 ,구미시,경상북도 구미시 원평동 147-9번지,경상북도 구미시 구미중앙로17길 16 (원평동),320081.3739,292887.704
프리미엄안동,롯데시네마,영업,경북/대구,경상북도,안동시,경상북도 안동시 옥동 734번지,경상북도 안동시 경북대로 418,352141.3,342230.8
프리미엄칠곡,롯데시네마,영업,경북/대구,대구시,북구,대구광역시 북구 구암동 769-1번지 태을빌딩 8층,"대구광역시 북구 학정로 422, 8층 (구암동, 태을빌딩)",341042.0641,272450.2185
거창,롯데시네마,영업,경남/부산/울산,경상남도,거창군,경상남도 거창군 거창읍 중앙리 90-2,"경상남도 거창군 거창읍 중앙로1길 1, 8층",282587.2875,243437.2659
광복,롯데시네마,영업,경남/부산/울산,부산시,중구,부산광역시 중구 중앙동7가 43-2,부산광역시 중구 중앙대로 2 (중앙동7가),385622.7805,179452.2248
김해부원,롯데시네마,영업,경남/부산/울산,경상남도,김해시,경상남도 김해시 부원동 901 아이스퀘어몰,"경상남도 김해시 김해대로 2352, 4~5층 (부원동, 아이스퀘어몰)",371470.3804,193470.527
김해아울렛(장유),롯데시네마,영업,경남/부산/울산,경상남도,김해시,경상남도 김해시 신문동 1414,"경상남도 김해시 장유로 469, 3~4층 (신문동)",366527.6478,188848.1937
동래,롯데시네마,영업,경남/부산/울산,부산시,동래구,"부산광역시 동래구 온천동 502-3 (10,11층)","부산광역시 동래구 중앙대로 1393 (10,11)층 (온천동)",389097.8009,192260.8116
동부산아울렛,롯데시네마,영업,경남/부산/울산,부산시,기장군,부산광역시 기장군 기장읍 당사리 64,부산광역시 기장군 기장읍 기장해안로 147,401473.9507,190354.2558
마산(합성동),롯데시네마,영업,경남/부산/울산,경상남도,창원시,경상남도 창원시 마산회원구 합성동 126-4,경상남도 창원시 마산회원구 합성옛길 147,344086.0401,194443.7023
부산명지,롯데시네마,영업,경남/부산/울산,부산시,강서구,부산광역시 강서구 명지동 3432-3,"부산광역시 강서구 명지국제6로 107, 대방디엠시티 센텀오션2차 2층 (명지동)",374253.1123,178757.4233
부산본점,롯데시네마,영업,경남/부산/울산,부산시,부산진구,부산광역시 부산진구 부전동 503-15 롯데백화점부산본점 10층,"부산광역시 부산진구 가야대로 772, 롯데백화점부산본점 10층 (부전동)",387271.2995,186099.1375
부산장림,롯데시네마,영업,경남/부산/울산,부산시,사하구,부산광역시 사하구 장림동 316-8,부산광역시 사하구 장림번영로 97 (장림동),380123.7546,177552.8444
사천,롯데시네마,영업,경남/부산/울산,경상안도,사천시,경남 사천시 사천읍 수석리 331,경상남도 사천시 사천읍 사천대로 1843,298627.9034,161674.8073
센텀시티,롯데시네마,영업,경남/부산/울산,부산시,해운대구,부산광역시 해운대구 우동 1496,부산광역시 해운대구 센텀남대로 59 (우동),394083.5015,187707.5861
양산물금,롯데시네마,영업,경남/부산/울산,경상남도,양산시,경상남도 양산시 물금읍 가촌리 1269-13,"경상남도 양산시 물금읍 백호로 68, 5층 (큐엠시네마타워)",381978.8298,203906.072
엠비씨네(진주),롯데시네마,영업,경남/부산/울산,경상남도,진주시,경상남도 진주시 가좌동 700-1 (주)엠비씨 경남,"경상남도 진주시 가호로 13 (가좌동, MBC경남진주)",300814.3278,185515.0537
오투(부산대),롯데시네마,영업,경남/부산/울산,부산시,금정구,부산광역시 금정구 부곡동 298-2,부산광역시 금정구 중앙대로 1607 (부곡동),390183.8131,194117.4657
울산(백화점),롯데시네마,영업,경남/부산/울산,울산시,남구,"울산광역시 남구 삼산동 1480-1 시네마동 2,3,4,6층",울산광역시 남구 삼산로 288 (삼산동),412001.9667,229039.5633
울산성남,롯데시네마,영업,경남/부산/울산,울산시,중구,울산광역시 중구 성남동 256-24,울산광역시 중구 젊음의2거리 33 (성남동),410346.7649,230634.4694
진주혁신(롯데몰),롯데시네마,영업,경남/부산/울산,경상남도,진주시,경상남도 진주시 충무공동 35,"경상남도 진주시 에나로127번길 30, 어반스퀘어 4,5층 (충무공동)",304128.1408,187423.9961
진해,롯데시네마,영업,경남/부산/울산,경상남도,창원시,경상남도 창원시 진해구 석동 543-3,경상남도 창원시 진해구 진해대로 752 (석동),354588.5398,185722.5292
창원,롯데시네마,영업,경남/부산/울산,경상남도,창원시,경남 창원시 성산구 상남동 79,경상남도 창원시 성산구 중앙대로 124,353135.2,193282.4
통영,롯데시네마,영업,경남/부산/울산,경상남도,통영시,경상남도 통영시 무전동 986 롯데시네마 줌아울렛관 3층,경상남도 통영시 안개로 37 (무전동),330722.0113,152093.4279
프리미엄경남대,롯데시네마,영업,경남/부산/울산,경상남도,창원시,경상남도 창원시 마산합포구 월남동5가 4-1 경남은행,"경상남도 창원시 마산합포구 해안대로 7, 경남은행 7층 (월남동5가)",342008.2122,187957.5763
프리미엄(장산역),롯데시네마,영업,경남/부산/울산,부산시,해운대구,부산 해운대구 좌동 1479-1,부산광역시 해운대구 해운대로 802,398305.6,188043.2
강릉,롯데시네마,영업,강원,강원도,강릉시,강원특별자치도 강릉시 성남동 254,"강원특별자치도 강릉시 임영로 102, 6~10층 (성남동)",366951.3137,473763.1546
남원주,롯데시네마,영업,강원,강원도,원주시,강원특별자치도 원주시 단구동 1511-2 (스타월드 6층),"강원특별자치도 원주시 서원대로 396 (단구동,(스타월드 6층))",284012.1979,425846.2563
동해,롯데시네마,영업,강원,강원도,동해시,강원특별자치도 동해시 천곡동 863,강원특별자치도 동해시 한섬로 111-7 (천곡동),386937.2531,448759.4186
원주무실,롯데시네마,영업,강원,강원도,원주시,강원특별자치도 원주시 무실동 1857-10 9층,"강원특별자치도 원주시 능라동길 51, 9층 (무실동)",282361.6563,426273.5405
춘천,롯데시네마,영업,강원,강원도,춘천시,강원특별자치도 춘천시 죽림동 189,강원특별자치도 춘천시 중앙로67번길 18 (죽림동),263954.0757,486406.8856
서귀포,롯데시네마,영업,제주,제주도,서귀포시,제주특별자치도 서귀포시 법환동 914번지,제주특별자치도 서귀포시 월드컵로 31 (법환동),154166.1303,-27615.18997
제주연동,롯데시네마,영업,제주,제주도,제주시,제주특별자치도 제주시 연동 1454 지하1층,"제주특별자치도 제주시 과원로 128, 지하1층 (연동)",152952.6833,-1629.974336
강남,메가박스,영업,서울,서울시,강남구,서울특별시 강남구 역삼동 816,서울특별시 강남구 강남대로 422 (역삼동),202310.3114,444240.7983
강동,메가박스,영업,서울,서울시,강동구,서울특별시 강동구 성내동 549-1번지,서울특별시 강동구 성내로 48 (성내동),210992.4973,447372.6172
구의이스트폴,메가박스,영업,서울,서울시,광진구,서울특별시 광진구 자양동 870,"서울특별시 광진구 아차산로 402, 3,4층 (자양동)",207764.6,448571.1
군자,메가박스,영업,서울,서울시,광진구,서울특별시 광진구 군자동 477-12번지,서울특별시 광진구 능동로 289 (군자동),206852.3609,450393.661
더부티크목동현대백화점,메가박스,영업,서울,서울시,양천구,서울특별시 양천구 목동 916 현대백화점 지하2층,"서울특별시 양천구 목동동로 257 (목동,현대백화점 지하2층)",188884.0756,447186.8886
동대문,메가박스,영업,서울,서울시,중구,서울특별시 중구 을지로6가 17-2 현대시티타워,서울특별시 중구 장충단로 247,200670.8,451915.5
마곡,메가박스,영업,서울,서울시,강서구,서울특별시 강서구 마곡동 797-1 퀸즈파크나인,"서울특별시 강서구 공항대로 247, 4층 (마곡동, 퀸즈파크나인)",185371.2988,450793.7712
목동,메가박스,영업,서울,서울시,양천구,서울특별시 양천구 목동 916 현대백화점 지하2층,"서울특별시 양천구 목동동로 257 (목동,현대백화점 지하2층)",188884.0756,447186.8886
상봉,메가박스,영업,서울,서울시,중랑구,서울특별시 중랑구 상봉동 130-3 상봉뉴월드시네마 4층,서울특별시 중랑구 망우로30길 3 (상봉동),206526.0022,454549.1674
상암월드컵경기장,메가박스,영업,서울,서울시,마포구,서울특별시 마포구 성산동 515 월드컵쇼핑몰내 1층,"서울특별시 마포구 월드컵로 240 (성산동,월드컵쇼핑몰내 1층)",191008,452188
성수,메가박스,휴업,서울,서울시,성동구,서울특별시 성동구 성수동1가 656-335 메가박스 스퀘어,"서울특별시 성동구 왕십리로 50, 메가박스 스퀘어 3층 (성수동1가)",203903.3536,448846.8202
센트럴,메가박스,영업,서울,서울시,서초구,"서울특별시 서초구 반포동 19-3 센트럴시티, 지하1층","서울특별시 서초구 신반포로 176, 센트럴시티 지하1층 (반포동)",200250.4478,444683.2205
송파파크하비오,메가박스,영업,서울,서울시,송파구,서울특별시 송파구 문정동 618 파크하비오,"서울특별시 송파구 송파대로 111, 하비오길동 호텔로202동 214호 (문정동, 파크하비오)",210868.3975,442053.2279
신촌,메가박스,영업,서울,서울시,서대문구,서울특별시 서대문구 신촌동 74-12 5층,"서울특별시 서대문구 신촌역로 30 (신촌동,5층)",194798.4584,450837.0517
이수,메가박스,영업,서울,서울시,동작구,서울특별시 동작구 사당동 147-53 골든씨네마 7층,"서울특별시 동작구 동작대로 89 (사당동,골든씨네마 7층)",198295.8433,442507.6991
창동,메가박스,영업,서울,서울시,도봉구,서울특별시 도봉구 창동 715-14,서울특별시 도봉구 도봉로 558 (창동),203351.8658,461358.4054
코엑스,메가박스,영업,서울,서울시,강남구,서울특별시 강남구 삼성동 159-0번지,서울특별시 강남구 영동대로 511  (삼성동),205130.5917,445590.0968
픽쳐하우스,메가박스,영업,서울,서울시,강남구,서울 강남구 신사동 532-1,서울특별시 강남구 압구정로10길 9,201946.5,447057.8
홍대,메가박스,영업,서울,서울시,마포구,서울특별시 마포구 동교동 160-4 아일렉스,"서울특별시 마포구 양화로 147, 아일렉스 7층 (동교동)",193046.5347,450424.5645
화곡,메가박스,영업,서울,서울시,강서구,"서울특별시 강서구 화곡동 1073-10 메가박스(주) 화곡점 401,501호","서울특별시 강서구 화곡로 142, 401,501호 (화곡동, 메가박스(주)화곡점)",185574.9372,448716.2747
artnine,메가박스,영업,서울,서울시,동작구,서울특별시 동작구 사당동 147-53 골든씨네마 7층,서울특별시 동작구 사당동 동작대로 89 골든시네마타워 12층,198295.8433,442507.6991
고양스타필드,메가박스,영업,경기,경기도,고양시,경기도 고양시 덕양구 동산동 370,"경기도 고양시 덕양구 고양대로 1955, 4,5층 (동산동, 스타필드고양)",190645.3143,460528.948
광명ak플라자,메가박스,영업,경기,경기도,광명시,경기도 광명시 일직동 512-3,경기도 광명시 양지로 17,189623,435506.5
광명소하,메가박스,영업,경기,경기도,광명시,경기 광명시 소하동 1344,경기도 광명시 소하로 190,190592,438504.5
금정ak플라자,메가박스,영업,경기,경기도,군포시,경기도 군포시 금정동 916 힐스테이트 금정역,"경기도 군포시 엘에스로 143, 지하1층~지상2층 (금정동, 힐스테이트 금정역)",195045.8402,430029.8757
김포한강신도시,메가박스,영업,경기,경기도,김포시,경기도 김포시 구래동 6882-4 두원타워,"경기도 김포시 김포한강9로75번길 180 (구래동, 두원타워)",166791.2816,460351.2984
남양주,메가박스,영업,경기,경기도,남양주시,경기도 남양주시 다산동 6141 현대프리미엄아울렛 SPACE1 3~5층,"경기도 남양주시 다산순환로 50, 현대프리미엄아울렛 SPACE1 3~5층 (다산동)",213414.2656,457095.53
남양주현대아울렛스페이스원,메가박스,영업,경기,경기도,남양주시,경기도 남양주시 다산동 6141 현대프리미엄아울렛 SPACE1 3~5층,"경기도 남양주시 다산순환로 50, 현대프리미엄아울렛 SPACE1 3~5층 (다산동)",213414.2656,457095.53
동탄,메가박스,영업,경기,경기도,화성시,경기도 화성시 반송동 93-2,경기도 화성시 동탄지성로 11 (반송동),206392.0983,411409.9034
동탄역,메가박스,영업,경기,경기도,오산시,경기도 화성시 오산동 979,"경기도 화성시 동탄오산로 29, 지하1층,지하2층 (오산동)",208019.2482,410797.9477
미사강변(하남종합운동장),메가박스,영업,경기,경기도,하남시,경기도 하남시 망월동 1079-2 성산타워,"경기도 하남시 미사강변중앙로 218, 성산타워 5층 (망월동)",216684.3408,451585.5711
백석벨라시타,메가박스,영업,경기,경기도,고양시,경기도 고양시 일산동구 백석동 1237 일산 요진 와이시티,"경기도 고양시 일산동구 강송로 33, 1,2층 (백석동, 일산 요진 와이시티)",181637.1892,460029.0134
별내,메가박스,영업,경기,경기도,남양주시,경기도 남양주시 별내동 936-4 황산빌딩 6층,"경기도 남양주시 두물로 19 (별내동, 황산빌딩 6층)",211100.7801,461499.2581
부천스타필드시티,메가박스,영업,경기,경기도,부천시,경기도 부천시 소사구 옥길동 768 스타필드시티 부천,"경기도 부천시 소사구 옥길로 1, 스타필드시티 부천 4-5층 (옥길동)",183469.3677,439944.2232
분당,메가박스,영업,경기,경기도,성남시,경기도 성남시 분당구 서현동 262-2,"경기도 성남시 분당구 황새울로 332 (서현동, 씨네프라자)",210762.7525,431501.4476
성남모란,메가박스,영업,경기,경기도,성남시,경기도 성남시 중원구 성남동 3499 9층,"경기도 성남시 중원구 성남대로 1136, 9층 (성남동)",211415.2468,436591.6391
수원,메가박스,영업,경기,경기도,수원시,"경기도 수원시 권선구 권선동 1189 터미널동, 할인점동","경기도 수원시 권선구 경수대로 270, 터미널동, 할인점동 4층 (권선동)",201782.7331,416501.6997
수원ak플라자(수원역),메가박스,영업,경기,경기도,수원시,경기도 수원시 팔달구 매산로1가 18 수원역사6층,경기도 수원시 팔달구 덕영대로 924 (매산로1가),199920.1947,418246.9271
수원남문,메가박스,영업,경기,경기도,수원시,경기도 수원시 팔달구 팔달로3가 84-5,"경기도 수원시 팔달구 행궁로 71, 2층 (팔달로3가)",201340.8887,419369.9888
수원스타필드,메가박스,영업,경기,경기도,수원시,경기도 수원시 장안구 정자동 111-14,"경기도 수원시 장안구 수성로 175, 스타필드수원 7층 7100호 (정자동)",199161.3809,420620.3512
수원인계,메가박스,영업,경기,경기도,수원시,경기도 수원시 팔달구 인계동 1125-1,"경기도 수원시 팔달구 효원로 278, 파비오더씨타 (인계동)",202789.2867,417668.605
수원호메실,메가박스,휴업,경기,경기도,수원시,경기도 수원시 권선구 호매실동 1397-2,"경기도 수원시 권선구 호매실동 호매실로90번길 76, 아진스퀘어 7~8층",,
시흥배곧,메가박스,영업,경기,경기도,시흥시,경기도 시흥시 정왕동 2514-1번지 M-플러스 7-8F,"경기도 시흥시 배곧3로 96 (정왕동, M-플러스 7-8F)",176060.7069,429766.4176
시흥정왕,메가박스,영업,경기,시흥시,정왕동,경기 시흥시 정왕동 1734-2,경기도 시흥시 정왕대로 210,176676.9,427445.2
안산중앙,메가박스,영업,경기,안산시,단원구,경기도 안산시 단원구 고잔동 535-1,경기도 안산시 단원구 고잔2길 41 (고잔동),185360.9775,424005.7102
안성스타필드,메가박스,영업,경기,안성시,공도읍,경기도 안성시 공도읍 진사리 354 스타필드 안성,"경기도 안성시 공도읍 서동대로 3930-39, 스타필드 안성 3층",213062.919,388093.0367
용인테크노벨리,메가박스,영업,경기,용인시,기흥구,경기도 용인시 기흥구 청덕동 556번지 용인테크노밸리,"경기도 용인시 기흥구 구성로 357, 용인테크노밸리 지하1층 (청덕동)",213057.9276,421057.2355
의정부민락,메가박스,영업,경기,의정부시,민락동,경기도 의정부시 민락동 메가타워 메가박스 5~8층,경기도 의정부시 오목로205번길 55 (민락동),208369.7296,471489.4297
킨텍스,메가박스,영업,경기,경기도,고양시,경기도 고양시 일산서구 대화동 2602 레이킨스 몰 3층,"경기도 고양시 일산서구 호수로 817 (대화동,레이킨스 몰 3층)",178006.0803,462865.8125
파주금촌,메가박스,영업,경기,경기도,파주시,경기도 파주시 금촌동 329-158번지,"경기도 파주시 중앙로 328, 엠에이치타원 4층 (금촌동)",180081.4098,473626.4208
파주운정,메가박스,영업,경기,경기도,파주시,경기도 파주시 야당동 483-3번지 에스비프라자 4층,"경기도 파주시 경의로 989, 4층 (야당동, 에스비프라자)",178654.7602,467065.3742
평택비전,메가박스,영업,경기,경기도,평택시,경기도 평택시 비전동 830,경기도 평택시 경기대로 279 (비전동),209932.5817,388254.4237
하남스타필드,메가박스,영업,경기,경기도,하남시,경기도 하남시 신장동 616,"경기도 하남시 미사대로 750 (신장동, 스타필드하남)",219699.0105,449270.3712
검단,메가박스,영업,인천,인천시,서구,인천광역시 서구 당하동 1098-5 홀리랜드,"인천광역시 서구 서곶로 788, 홀리랜드 4층 (당하동)",171261.4184,454010.5166
송도(트리플스트리트),메가박스,영업,인천,인천시,연수구,인천광역시 연수구 송도동 176-5 송도트리플스트리트,"인천광역시 연수구 송도과학로16번길 33-4 (송도동, 송도트리플스트리트)",170067.9288,430784.6238
영종,메가박스,영업,인천,인천시,중구,인천광역시 중구 운서동 3088-3 영종예스타워복합상영관,"인천광역시 중구 영종대로 184, 영종예스타워복합상영관 (운서동)",155605.4976,443460.5761
영종하늘도시,메가박스,영업,인천,인천시,중구,인천 중구 중산동 1883-12,인천광역시 중구 하늘중앙로195번길 15,161205.8,443451.8
인천논현,메가박스,영업,인천,인천시,남동구,인천광역시 남동구 논현동 747-1번지 6층,"인천광역시 남동구 논고개로 61, 6층 (논현동, 라피에스타)",175793.4067,432847.4975
연천학익(시티오씨엘),메가박스,영업,인천,인천시,미추홀구,인천광역시 미추홀구 학익동 0 시티오씨엘 3단지,"인천광역시 미추홀구 학익로80번길 11, B1~B2호 (학익동, 시티오씨엘 3단지)",168907.3,438101.5
청라지젤,메가박스,휴관,인천,인천시,서구,인천광역시 서구 청라동 165-12 지젤엠청라,"인천 서구 청라에메랄드로 99, 지젤M청라 4층 메가박스 청라지젤점",,
공주,메가박스,영업,대전/충청/세종,충청남도,공주시,충청남도 공주시 신관동 248-3,충청남도 공주시 흑수골길 12 (신관동),212364.4999,330291.5739
논산,메가박스,영업,대전/충청/세종,충청남도,논산시,충청남도 논산시 내동 382-32,"충청남도 논산시 중앙로 255, 메가타운 3, 4층 (내동)",208835.4204,298813.8932
대전,메가박스,영업,대전/충청/세종,대전시,서구,대전광역시 서구 탄방동 746 로데오타운 5층,"대전광역시 서구 문정로 77, 5층 (탄방동, 로데오 타운)",234758.6004,316344.9024
대전신세계아트앤사이언스,메가박스,영업,대전/충청/세종,대전시,서구,대전 유성구 도룡동 648,"대전광역시 유성구 엑스포로1, (도룡동) 대전신세계아트앤사이언스 6층",234324,319766
대전유성,메가박스,영업,대전/충청/세종,대전시,유성구,대전광역시 유성구 봉명동 1016-7,"대전광역시 유성구 계룡로132번길 10, 6층 (봉명동, 도안센트럴프라자)",230861.7695,316893.9682
대전중앙로,메가박스,영업,대전/충청/세종,대전시,중구,대전광역시 중구 대흥동 205-1,"대전광역시 중구 중앙로 126, 4~9층 (대흥동)",238010.3151,314178.0578
대전현대아울렛,메가박스,영업,대전/충청/세종,대전시,유성구,대전광역시 유성구 용산동 579 현대프리미엄아울렛 대전점,"대전광역시 유성구 테크노중앙로 123, 현대프리미엄아울렛 대전점 3~4층 (용산동)",235682.7182,324850.0178
세종(조치원),메가박스,영업,대전/충청/세종,세종시,조치원읍,세종특별자치시 조치원읍 교리 24-1 4층~6층,세종특별자치시 조치원읍 새내로 122 (4층~6층),226602.7941,344698.3587
세종나성,메가박스,영업,대전/충청/세종,세종시,연기군,세종특별자치시 나성동 821 세종가로수길 5층,"세종특별자치시 나성로 38, 세종가로수길 5층 (나성동)",223564.3404,331420.8272
세종청사,메가박스,영업,대전/충청/세종,세종시,어진동,세종특별자치시 어진동 510 엠브릿지,"세종특별자치시 도움3로 19, 엠브릿지 지하 1~2층 (어진동)",223042.6263,333554.4079
오창,메가박스,영업,대전/충청/세종,충청북도,청주시,충청북도 청주시 청원구 오창읍 양청리 820-1,"충청북도 청주시 청원구 오창읍 중심상업1로 8-9, 메가시티 3~4층",238220.1861,356859.2669
진천,메가박스,영업,대전/충청/세종,충청북도,진천군,충청북도 진천군 진천읍 읍내리 652번지,충청북도 진천군 진천읍 중앙북1길 3 진천터미널,239121.7213,373252.2127
천안,메가박스,영업,대전/충청/세종,충청남도,천안시,충청남도 천안시 서북구 두정동 68-1 센트하임 4층,"충청남도 천안시 서북구 1공단1길 52, 4층 (두정동, 센트하임프라자)",213076.3258,370130.3313
청주사창,메가박스,영업,대전/충청/세종,충청북도,청주시,충청북도 청주시 서원구 사창동 488 4층,"충청북도 청주시 서원구 1순환로 682, 4층 (사창동)",241110.6778,348029.6701
청주성안길,메가박스,영업,대전/충청/세종,충청북도,청주시,충청북도 청주시 상당구 북문로1가 170-1 쥬네쓰,"충청북도 청주시 상당구 상당로81번길 33 (북문로1가, 쥬네쓰)",243582.088,348339.2185
청주터미널,메가박스,영업,대전/충청/세종,충청북도,청주시,충청북도 청주시 흥덕구 가경동 1416 6~7층 청주센트럴시티(터미널복합),"충청북도 청주시 흥덕구 2순환로 1225, 청주센트럴시티(터미널복합) 6~7층 (가경동)",238449.4334,347396.6985
충주연수,메가박스,영업,대전/충청/세종,충청북도,충주시,충청북도 충주시 연수동 1325,충청북도 충주시 번영대로 211 (연수동),283717.053,387731.9209
홍성내포,메가박스,영업,대전/충청/세종,충청남도,홍성군,충청남도 홍성군 홍북읍 신경리 555번지,충청남도 홍성군 홍북읍 청사로174번길 2 (한승갤러리),171227.2017,350955.2392
경북도청,메가박스,영업,부산/대구/경상,경상북도,예천군,경상북도 예천군 호명면 산합리 1430 경북빌딩,"경상북도 예천군 호명면 새움3로 70, 경북빌딩 3층",333556.873,342623.9014
경산하양,메가박스,영업,부산/대구/경상,경상북도,경산시,경상북도 경산시 하양읍 금락리 607번지 2층,"경상북도 경산시 하양읍 대경로 765, 2층",364510.4316,269692.9448
구미강동,메가박스,영업,부산/대구/경상,경상북도,구미시,경상북도 구미시 진평동 1023-1,경상북도 구미시 인동가산로 14 (진평동),327591.8409,290553.6791
김천,메가박스,영업,부산/대구/경상,경상북도,김천시,경상북도 김천시 평화동 245-82번지,경상북도 김천시 김천로 74 (평화동),299922.1736,292204.4264
남포항,메가박스,영업,부산/대구/경상,경상북도,포항시,"경상북도 포항시 남구 오천읍 하원로47번길9, (원리) 1층",경북 포항시 남구 오천읍 원리 1134,416791.6,277886.4
대구세븐밸리(칠곡),메가박스,영업,부산/대구/경상,대구시,북구,대구광역시 북구 동천동 894-1 세븐밸리,"대구광역시 북구 동암로 90, 세븐밸리 6층 (동천동)",340718.2536,272659.9751
대구신세계(동대구),메가박스,영업,부산/대구/경상,대구시,북구,대구광역시 동구 신천동 1506,"대구광역시 동구 동부로 149 (신천동, 동대구역복합환승센터)",347037.242,265407.4043
대구이시아,메가박스,영업,부산/대구/경상,대구시,동구,대구광역시 동구 봉무동 1548,대구광역시 동구 팔공로49길 51 (봉무동),347543.7468,270181.3331
대구프리미엄만경관,메가박스,영업,부산/대구/경상,대구시,중구,대구광역시 중구 종로1가 29-4,대구광역시 중구 국채보상로 547 (종로1가),343571.9657,264582.7763
덕천,메가박스,영업,부산/대구/경상,부산시,북구,부산광역시 북구 덕천동 398-2,부산광역시 북구 만덕대로 23 (덕천동),382731.2102,192059.7456
마산(경남대),메가박스,영업,부산/대구/경상,경상남도,창원시,경상남도 창원시 마산합포구 해운동 68 유로스퀘어,"경상남도 창원시 마산합포구 해안대로 51, 유로스퀘어 6층 (해운동)",342378.5799,188083.1591
부산극장,메가박스,영업,부산/대구/경상,부산시,중구,부산광역시 중구 남포동5가 18-1,부산광역시 중구 비프광장로 36 (남포동5가),384919.4108,179609.2078
부산대,메가박스,영업,부산/대구/경상,부산시,금정구,부산광역시 금정구 장전동 292-4 라퓨타아일랜드,"부산광역시 금정구 장전로12번길 55 (장전동, 라퓨타아일랜드)",390026.7695,194312.7237
북대구(칠곡),메가박스,영업,부산/대구/경상,대구시,북구,대구광역시 북구 동천동 895-2,대구광역시 북구 동암로 100,340843.6291,272656.8378
사상,메가박스,영업,부산/대구/경상,부산시,사상구,부산광역시 사상구 괘법동 533-1,부산광역시 사상구 사상로 201 (괘법동),380509.7831,186704.0673
삼천포,메가박스,영업,부산/대구/경상,경상남도,사천시,경상남도 사천시 실안동 1062번지,경상남도 사천시 해안관광로 109-10 (실안동),294701.35,161674.8073
서면대한,메가박스,영업,부산/대구/경상,부산시,부산진구,부산광역시 부산진구 부전동 199,"부산광역시 부산진구 중앙대로692번길 16(부전동), 대한프라자 3층",387725,186147.7
양산,메가박스,영업,부산/대구/경상,경상남도,양산시,경상남도 양산시 물금읍 가촌리 1292 라피에스타,"경상남도 양산시 물금읍 증산역로 177, 라피에스타 6,7층",382680.0115,203015.6519
양산증산,메가박스,영업,부산/대구/경상,경상남도,양산시,경상남도 양산시 물금읍 가촌리 1292 라피에스타,"경상남도 양산시 물금읍 증산역로 177, 라피에스타 6,7층",382680.0115,203015.6519
울산,메가박스,영업,부산/대구/경상,울산시,중구,울산광역시 중구 성남동 251-8,울산광역시 중구 젊음의거리 73 (성남동),410395.7665,230768.5378
정관,메가박스,휴관,부산/대구/경상,부산시,기장군,부산광역시 기장군 정관읍 매학리 777-1번지,"부산광역시 기장군 정관읍 정관6로 39, 7층",398025.7114,204401.6914
진주(중안),메가박스,영업,부산/대구/경상,경상남도,진주시,"경상남도 진주시 중안동 12-13 씨네피아9관(8,9층)",경상남도 진주시 진양호로 521 (중안동),298526.704,188715.2839
창원,메가박스,영업,부산/대구/경상,경상남도,창원시,경상남도 창원시 성산구 중앙동 99-1 메가플렉스,경상남도 창원시 성산구 용지로 58 (중앙동),352494.9464,192629.5837
창원내서,메가박스,영업,부산/대구/경상,경상남도,창원시,경상남도 창원시 마산회원구 내서읍 중리 1043-1,"경상남도 창원시 마산회원구 내서읍 광려천서로 81, ISC 10-11층 10층",337420.75,195460.1868
포항,메가박스,영업,부산/대구/경상,경상북도,포항시,경상북도 포항시 남구 상도동 582 밸류플러스 7층,경상북도 포항시 남구 중흥로 77 (상도동),411699.7165,281700.6209
해운대(장산),메가박스,영업,부산/대구/경상,부산시,해운대구,부산광역시 해운대구 좌동 1467-4 지팝건축물,"부산광역시 해운대구 해운대로 813, 지팝건축물 8층 (좌동)",398269.0515,187874.7781
화명,메가박스,영업,부산/대구/경상,부산시,북구,부산광역시 북구 화명동 2275-1,부산광역시 북구 화명대로 16 (화명동),382882.2789,194681.151
광주상무,메가박스,영업,광주/전라,광주시,서구 ,광주광역시 서구 치평동 1218-1,광주광역시 서구 시청로 67 (치평동),186350.8164,183915.8701
광주하남,메가박스,영업,광주/전라,광주시,광산구,광주광역시 광산구 우산동 1587-1번지,광주광역시 광산구 풍영철길로 15 (우산동),182753.5594,184879.9299
목포하당(포르모),메가박스,영업,광주/전라,전라남도,목포시,전라남도 목포시 상동 860-1번지 극장동 3층,전라남도 목포시 옥암로 95 (상동),147387.7006,145561.0818
순천,메가박스,영업,광주/전라,전라남도,순천시,전라남도 순천시 덕암동 151 701호,전라남도 순천시 충효로 15 (덕암동),246595.8194,160387.2854
여수웅천,메가박스,영업,광주/전라,전라남도,여수시,전라남도 여수시 웅천동 1720-1,전라남도 여수시 신월로 96 (웅천동),262093.4908,139162.6764
전대(광주),메가박스,영업,광주/전라,광주시,북구,"광주광역시 북구 중흥동 362-2,",광주광역시 북구 우치로 60 (중흥동),191950.6543,185940.6389
전주객사,메가박스,영업,광주/전라,전라북도,전주시,전북특별자치도 전주시 완산구 고사동 181,전북특별자치도 전주시 완산구 전주객사4길 74-12,212915.8216,257873.5197
전주혁신,메가박스,영업,광주/전라,전라북도,전주시,전북특별자치도 전주시 덕진구 장동 1111 전북혁신도시 더 M city 센텀,"전북특별자치도 전주시 덕진구 기지로 77, 303동 2층 (장동, 전북혁신도시 더 M city 센텀)",205360.6428,259875.9531
첨단,메가박스,영업,광주/전라,광주시,광산구,광주광역시 광산구 쌍암동 688-4 폭스존,"광주광역시 광산구 앰코로 35, 폭스존 (쌍암동)",186484.1039,191340.9596
남춘천,메가박스,영업,강원,강원도,춘천시,강원특별자치도 춘천시 온의동 587-8 587-9(2필지),강원특별자치도 춘천시 춘천로17번길 17 (온의동),263286.9396,485123.9106
속초,메가박스,영업,강원,강원도,속초시,강원특별자치도 속초시 조양동 1506-1,강원특별자치도 속초시 조양로142번길 20 (조양동),338872.9337,521870.2622
원주혁신,메가박스,영업,강원,강원도,원주시,강원특별자치도 원주시 반곡동 1903-2,"강원특별자치도 원주시 양지로 80, 7층 608호 (반곡동, 센트럴파크)",287336.986,425561.6915
춘천석사,메가박스,영업,강원,강원도,춘천시 ,강원특별자치도 춘천시 석사동 980,"강원특별자치도 춘천시 후석로 120, 춘천NH타운_ENTA 2층 (석사동)",265760.7509,484782.143
제주삼화,메가박스,영업,제주,제주도,제주시,제주특별자치도 제주시 삼양이동 1477-8,제주특별자치도 제주시 삼봉로 11 (삼양이동),161670.0321,2752.67814
제주서귀포,메가박스,영업,제주,제주도,제수시,제주특별자치도 서귀포시 동홍동 1372-1,메가박스제주 서귀포점 3관,159185.6313,-25953.3646
제주아라,메가박스,영업,제주,제주도,제주시,제주특별자치도 제주시 아라일동 2574 메가타워,"제주특별자치도 제주시 구산로 4 (아라일동, 메가타워)",156787.8258,-1295.616285